{
    "name": "root",
    "metadata": {
        "timer_format_version": "0.1.0",
        "start_time_seconds": "1689945433",
        "python_version": "3.9.13 (tags/v3.9.13:6de2ca5, May 17 2022, 16:36:42) [MSC v.1929 64 bit (AMD64)]",
        "command_line_arguments": "C:\\Users\\martin\\Josh2DEndlessShooter\\venv\\Scripts\\mlagents-learn --torch-device=cuda --time-scale=1 --run-id=Shooter8",
        "mlagents_version": "0.30.0",
        "mlagents_envs_version": "0.30.0",
        "communication_protocol_version": "1.5.0",
        "pytorch_version": "2.0.1+cu117",
        "numpy_version": "1.21.2",
        "end_time_seconds": "1689945536"
    },
    "total": 103.78534359999999,
    "count": 1,
    "self": 0.007108799999997473,
    "children": {
        "run_training.setup": {
            "total": 0.04124060000000007,
            "count": 1,
            "self": 0.04124060000000007
        },
        "TrainerController.start_learning": {
            "total": 103.7369942,
            "count": 1,
            "self": 0.026149699999990617,
            "children": {
                "TrainerController._reset_env": {
                    "total": 16.3188015,
                    "count": 1,
                    "self": 16.3188015
                },
                "TrainerController.advance": {
                    "total": 86.96389700000002,
                    "count": 946,
                    "self": 0.024761999999796558,
                    "children": {
                        "env_step": {
                            "total": 83.73703110000008,
                            "count": 946,
                            "self": 71.86156589999997,
                            "children": {
                                "SubprocessEnvManager._take_step": {
                                    "total": 11.856101500000204,
                                    "count": 946,
                                    "self": 0.06577200000034367,
                                    "children": {
                                        "TorchPolicy.evaluate": {
                                            "total": 11.79032949999986,
                                            "count": 930,
                                            "self": 11.79032949999986
                                        }
                                    }
                                },
                                "workers": {
                                    "total": 0.01936369999990717,
                                    "count": 945,
                                    "self": 0.0,
                                    "children": {
                                        "worker_root": {
                                            "total": 54.29043309999993,
                                            "count": 945,
                                            "is_parallel": true,
                                            "self": 24.249570999999783,
                                            "children": {
                                                "steps_from_proto": {
                                                    "total": 0.053348700000000804,
                                                    "count": 1,
                                                    "is_parallel": true,
                                                    "self": 0.0004335000000015299,
                                                    "children": {
                                                        "_process_maybe_compressed_observation": {
                                                            "total": 0.052915199999999274,
                                                            "count": 2,
                                                            "is_parallel": true,
                                                            "self": 0.0010620999999986225,
                                                            "children": {
                                                                "_observation_to_np_array": {
                                                                    "total": 0.05185310000000065,
                                                                    "count": 6,
                                                                    "is_parallel": true,
                                                                    "self": 0.00015290000000156567,
                                                                    "children": {
                                                                        "process_pixels": {
                                                                            "total": 0.051700199999999086,
                                                                            "count": 6,
                                                                            "is_parallel": true,
                                                                            "self": 0.007978199999996605,
                                                                            "children": {
                                                                                "image_decompress": {
                                                                                    "total": 0.04372200000000248,
                                                                                    "count": 18,
                                                                                    "is_parallel": true,
                                                                                    "self": 0.04372200000000248
                                                                                }
                                                                            }
                                                                        }
                                                                    }
                                                                }
                                                            }
                                                        }
                                                    }
                                                },
                                                "UnityEnvironment.step": {
                                                    "total": 29.987513400000147,
                                                    "count": 945,
                                                    "is_parallel": true,
                                                    "self": 0.13517410000022778,
                                                    "children": {
                                                        "UnityEnvironment._generate_step_input": {
                                                            "total": 0.1519973999999067,
                                                            "count": 945,
                                                            "is_parallel": true,
                                                            "self": 0.1519973999999067
                                                        },
                                                        "communicator.exchange": {
                                                            "total": 20.207677499999914,
                                                            "count": 945,
                                                            "is_parallel": true,
                                                            "self": 20.207677499999914
                                                        },
                                                        "steps_from_proto": {
                                                            "total": 9.492664400000098,
                                                            "count": 945,
                                                            "is_parallel": true,