{
    "name": "root",
    "gauges": {
        "AgentsBehavior.Policy.Entropy.mean": {
            "value": 1.4843467473983765,
            "min": 1.4830596446990967,
            "max": 1.7902321815490723,
            "count": 10
        },
        "AgentsBehavior.Policy.Entropy.sum": {
            "value": 74223.2734375,
            "min": 74007.640625,
            "max": 89690.6328125,
            "count": 10
        },
        "AgentsBehavior.Step.mean": {
            "value": 499996.0,
            "min": 49963.0,
            "max": 499996.0,
            "count": 10
        },
        "AgentsBehavior.Step.sum": {
            "value": 499996.0,
            "min": 49963.0,
            "max": 499996.0,
            "count": 10
        },
        "AgentsBehavior.Policy.ExtrinsicValueEstimate.mean": {
            "value": -0.2605432868003845,
            "min": -2.182752847671509,
            "max": -0.2605432868003845,
            "count": 10
        },
        "AgentsBehavior.Policy.ExtrinsicValueEstimate.sum": {
            "value": -299.6247863769531,
            "min": -2405.3935546875,
            "max": -299.6247863769531,
            "count": 10
        },
        "AgentsBehavior.Environment.EpisodeLength.mean": {
            "value": 48.324457593688365,
            "min": 48.324457593688365,
            "max": 179.28727272727272,
            "count": 10
        },
        "AgentsBehavior.Environment.EpisodeLength.sum": {
            "value": 49001.0,
            "min": 48864.0,
            "max": 49811.0,
            "count": 10
        },
        "AgentsBehavior.Environment.CumulativeReward.mean": {
            "value": -0.1832347893444509,
            "min": -4.75600026011467,
            "max": -0.0831182443989069,
            "count": 10
        },
        "AgentsBehavior.Environment.CumulativeReward.sum": {
            "value": -185.8000763952732,
            "min": -1516.9001083374023,
            "max": -83.70007210969925,
            "count": 10
        },
        "AgentsBehavior.Policy.ExtrinsicReward.mean": {
            "value": -0.1832347893444509,
            "min": -4.75600026011467,
            "max": -0.0831182443989069,
            "count": 10
        },
        "AgentsBehavior.Policy.ExtrinsicReward.sum": {
            "value": -185.8000763952732,
            "min": -1516.9001083374023,
            "max": -83.70007210969925,
            "count": 10
        },
        "AgentsBehavior.Losses.PolicyLoss.mean": {
            "value": 0.022464609822879237,
            "min": 0.022446223891650637,
            "max": 0.02689575222553685,
            "count": 10
        },
        "AgentsBehavior.Losses.PolicyLoss.sum": {
            "value": 0.11232304911439618,
            "min": 0.09436538370015721,
            "max": 0.13447876112768425,
            "count": 10
        },
        "AgentsBehavior.Losses.ValueLoss.mean": {
            "value": 3.2094926349322,
            "min": 2.7628715266784036,
            "max": 5.25932855129242,
            "count": 10
        },
        "AgentsBehavior.Losses.ValueLoss.sum": {
            "value": 16.047463174661,
            "min": 11.051486106713615,
            "max": 26.2966427564621,
            "count": 10
        },
        "AgentsBehavior.Policy.LearningRate.mean": {
            "value": 1.6635694454800007e-05,
            "min": 1.6635694454800007e-05,
            "max": 0.00028460160513279993,
            "count": 10
        },
        "AgentsBehavior.Policy.LearningRate.sum": {
            "value": 8.317847227400003e-05,
            "min": 8.317847227400003e-05,
            "max": 0.0012844098718634,
            "count": 10
        },
        "AgentsBehavior.Policy.Epsilon.mean": {
            "value": 0.10554519999999998,
            "min": 0.10554519999999998,
            "max": 0.19486720000000005,
            "count": 10
        },
        "AgentsBehavior.Policy.Epsilon.sum": {
            "value": 0.5277259999999999,
            "min": 0.500229,
            "max": 0.9281366000000001,
            "count": 10
        },
        "AgentsBehavior.Policy.Beta.mean": {
            "value": 0.00028670548000000014,
            "min": 0.00028670548000000014,
            "max": 0.00474387328,
            "count": 10
        },
        "AgentsBehavior.Policy.Beta.sum": {
            "value": 0.0014335274000000008,
            "min": 0.0014335274000000008,
            "max": 0.02141401634,
            "count": 10
        },
        "AgentsBehavior.IsTraining.mean": {
            "value": 1.0,
            "min": 1.0,
            "max": 1.0,
            "count": 10
        },
        "AgentsBehavior.IsTraining.sum": {
            "value": 1.0,
            "min": 1.0,
            "max": 1.0,
            "count": 10
        }
    },
    "metadata": {
        "timer_format_version": "0.1.0",
        "start_time_seconds": "1689695812",
        "python_version": "3.9.13 (tags/v3.9.13:6de2ca5, May 17 2022, 16:36:42) [MSC v.1929 64 bit (AMD64)]",
        "command_line_arguments": "C:\\Users\\martin\\Josh2DEndlessShooter\\venv\\Scripts\\mlagents-learn --torch-device=cuda:0 --run-id=Shooter6",
        "mlagents_version": "0.30.0",
        "mlagents_envs_version": "0.30.0",
        "communication_protocol_version": "1.5.0",
        "pytorch_version": "2.0.1+cu117",
        "numpy_version": "1.21.2",
        "end_time_seconds": "1689699667"
    },
    "total": 3854.9265496,
    "count": 1,
    "self": 0.02337429999943197,
    "children": {
        "run_training.setup": {
            "total": 0.06520670000000006,
            "count": 1,
            "self": 0.06520670000000006
        },
        "TrainerController.start_learning": {
            "total": 3854.8379686000003,
            "count": 1,
            "self": 2.2864189000415536,
            "children": {
                "TrainerController._reset_env": {
                    "total": 8.364687199999999,
                    "count": 1,
                    "self": 8.364687199999999
                },
                "TrainerController.advance": {
                    "total": 3843.973338899959,
                    "count": 89484,
                    "self": 1.9627993999697537,
                    "children": {
                        "env_step": {
                            "total": 3010.659748099989,
                            "count": 89484,
                            "self": 2357.393907600047,
                            "children": {
                                "SubprocessEnvManager._take_step": {
                                    "total": 651.2965227999287,
                                    "count": 89484,
                                    "self": 5.704806599907442,
                                    "children": {
                                        "TorchPolicy.evaluate": {
                                            "total": 645.5917162000212,
                                            "count": 83358,
                                            "self": 645.5917162000212
                                        }
                                    }
                                },
                                "workers": {
                                    "total": 1.9693177000133915,
                                    "count": 89484,
                                    "self": 0.0,
                                    "children": {
                                        "worker_root": {
                                            "total": 3833.0461095000423,
                                            "count": 89484,
                                            "is_parallel": true,
                                            "self": 1992.2934034000502,
                                            "children": {
                                                "steps_from_proto": {
                                                    "total": 0.027346999999999788,