{"count":1,"self":6343.7324288,"total":82394.4282175,"children":{"InitializeActuators":{"count":6,"self":0.0019989,"total":0.0019989,"children":null},"InitializeSensors":{"count":6,"self":0.008994499999999999,"total":0.008994499999999999,"children":null},"AgentSendState":{"count":8725768,"self":66.9521408,"total":12562.1646982,"children":{"CollectObservations":{"count":10470924,"self":8.7378328,"total":8.7378327,"children":null},"WriteActionMask":{"count":10470924,"self":12.044423199999999,"total":12.0444234,"children":null},"RequestDecision":{"count":10470924,"self":45.527648,"total":12474.430303899999,"children":{"AgentInfo.ToProto":{"count":10470924,"self":41.5047776,"total":12428.9026547,"children":{"GenerateSensorData":{"count":10470924,"self":147.7100544,"total":12387.3978778,"children":{"CameraSensor.GetCompressedObservation":{"count":10470924,"self":12239.687679999999,"total":12239.6878246,"children":null}}}}}}}}},"DecideAction":{"count":8725768,"self":62898.6740736,"total":62898.6736446,"children":null},"AgentAct":{"count":8725768,"self":413.82167039999996,"total":413.8216796,"children":null},"AgentInfo.ToProto":{"count":109503,"self":0.7935591,"total":176.0235779,"children":{"GenerateSensorData":{"count":109503,"self":2.255338,"total":175.23001879999998,"children":{"CameraSensor.GetCompressedObservation":{"count":109503,"self":172.9746816,"total":172.9746807,"children":null}}}}}},"gauges":{"AgentsBehavior.CumulativeReward":{"count":109503,"max":107.60006,"min":-21.7000027,"runningAverage":6.300606,"value":0.299999952,"weightedAverage":11.0564852}},"metadata":{"timer_format_version":"0.1.0","start_time_seconds":"1689972472","unity_version":"2022.3.2f1","command_line_arguments":"C:\\Program Files\\Unity\\Hub\\Editor\\2022.3.2f1\\Editor\\Unity.exe -projectpath C:\\Users\\martin\\Josh2DEndlessShooter -useHub -hubIPC -cloudEnvironment production -licensingIpc LicenseClient-martin -hubSessionId c7ddd454-eb8d-4e5e-b86e-f2e838fb26be -accessToken J5OI8hppk21sIUK4hpE6gfSRmkCgrTVbkEvliNu2mMY007f","communication_protocol_version":"1.5.0","com.unity.ml-agents_version":"2.0.1","scene_name":"TheGame","end_time_seconds":"1690054866"}}