{"count":1,"self":2882.422784,"total":40025.7649808,"children":{"InitializeActuators":{"count":6,"self":0.0019990999999999997,"total":0.0019990999999999997,"children":null},"InitializeSensors":{"count":6,"self":0.0099937,"total":0.0099937,"children":null},"AgentSendState":{"count":4166851,"self":33.576,"total":6156.7810193999994,"children":{"CollectObservations":{"count":5000226,"self":4.285064,"total":4.2850642,"children":null},"WriteActionMask":{"count":5000226,"self":6.0773768,"total":6.0773766999999994,"children":null},"RequestDecision":{"count":5000226,"self":23.50336,"total":6112.8425782999993,"children":{"AgentInfo.ToProto":{"count":5000226,"self":21.099166399999998,"total":6089.3392189999995,"children":{"GenerateSensorData":{"count":5000226,"self":74.919392,"total":6068.2400533,"children":{"CameraSensor.GetCompressedObservation":{"count":5000226,"self":5993.3208576,"total":5993.3206601,"children":null}}}}}}}}},"DecideAction":{"count":4166851,"self":30703.1834624,"total":30703.1842349,"children":null},"AgentAct":{"count":4166851,"self":179.7690752,"total":179.7690697,"children":null},"AgentInfo.ToProto":{"count":63203,"self":0.5005299,"total":103.59486199999999,"children":{"GenerateSensorData":{"count":63203,"self":1.4642302999999999,"total":103.09433209999999,"children":{"CameraSensor.GetCompressedObservation":{"count":63203,"self":101.63009919999999,"total":101.63010179999999,"children":null}}}}}},"gauges":{"AgentsBehavior.CumulativeReward":{"count":63203,"max":44.75,"min":-44,"runningAverage":-12.5263309,"value":-3,"weightedAverage":-11.3043108}},"metadata":{"timer_format_version":"0.1.0","start_time_seconds":"1690057037","unity_version":"2022.3.2f1","command_line_arguments":"C:\\Program Files\\Unity\\Hub\\Editor\\2022.3.2f1\\Editor\\Unity.exe -projectpath C:\\Users\\martin\\Josh2DEndlessShooter -useHub -hubIPC -cloudEnvironment production -licensingIpc LicenseClient-martin -hubSessionId c7ddd454-eb8d-4e5e-b86e-f2e838fb26be -accessToken J5OI8hppk21sIUK4hpE6gfSRmkCgrTVbkEvliNu2mMY007f","communication_protocol_version":"1.5.0","com.unity.ml-agents_version":"2.0.1","scene_name":"TheGame","end_time_seconds":"1690097062"}}