{"count":1,"self":94.3157568,"total":1394.7975113,"children":{"InitializeActuators":{"count":3,"self":0.0019987,"total":0.0019987,"children":null},"InitializeSensors":{"count":3,"self":0.008994799999999999,"total":0.008994799999999999,"children":null},"AgentSendState":{"count":230501,"self":1.1636616,"total":270.2999608,"children":{"CollectObservations":{"count":138303,"self":0.137262,"total":0.137262,"children":null},"WriteActionMask":{"count":138303,"self":0.15858429999999998,"total":0.15858429999999998,"children":null},"RequestDecision":{"count":138303,"self":0.64332309999999993,"total":268.8404529,"children":{"AgentInfo.ToProto":{"count":138303,"self":0.65853339999999994,"total":268.19712979999997,"children":{"GenerateSensorData":{"count":138303,"self":2.1013648,"total":267.53859639999996,"children":{"CameraSensor.GetCompressedObservation":{"count":138303,"self":265.4372352,"total":265.4372317,"children":null}}}}}}}}},"DecideAction":{"count":230501,"self":1016.7066623999999,"total":1016.7066782999999,"children":null},"AgentAct":{"count":230501,"self":6.2420228,"total":6.2420227,"children":null},"AgentInfo.ToProto":{"count":3094,"self":0.0219883,"total":7.2200976,"children":{"GenerateSensorData":{"count":3094,"self":0.058517599999999996,"total":7.1981093,"children":{"CameraSensor.GetCompressedObservation":{"count":3094,"self":7.1395919999999995,"total":7.1395916999999995,"children":null}}}}}},"gauges":{"AgentsBehavior.CumulativeReward":{"count":3094,"max":1.700001,"min":-12,"runningAverage":-4.50985,"value":-2.30000019,"weightedAverage":-2.10344}},"metadata":{"timer_format_version":"0.1.0","start_time_seconds":"1689609307","unity_version":"2022.3.2f1","command_line_arguments":"C:\\Program Files\\Unity\\Hub\\Editor\\2022.3.2f1\\Editor\\Unity.exe -projectpath C:\\Users\\martin\\Josh2DEndlessShooter -useHub -hubIPC -cloudEnvironment production -licensingIpc LicenseClient-martin -hubSessionId d8c8e506-7e51-422f-8364-43ecbf4a816b -accessToken 6ExARBxrA74U7sEwFcZ-CPCHrYvay6Dnw5hunBSi5J8007f","communication_protocol_version":"1.5.0","com.unity.ml-agents_version":"2.0.1","scene_name":"TheGame","end_time_seconds":"1689610702"}}